state,pupils2017,pupils2016,pupils2015,pupils2014,pupils2013,pupils2012,pupils2011,pupils2010,pupils2009,pupils2008,pupils2007,pupils2006,pupils2005,pupils2004,pupils2003,pupils2002,pupils2001,pupils2000,pupils1999,pupils1998,pupils1997,pupils1996,pupils1995,total_rev_nom2017,total_rev_nom2016,total_rev_nom2015,total_rev_nom2014,total_rev_nom2013,total_rev_nom2012,total_rev_nom2011,total_rev_nom2010,total_rev_nom2009,total_rev_nom2008,total_rev_nom2007,total_rev_nom2006,total_rev_nom2005,total_rev_nom2004,total_rev_nom2003,total_rev_nom2002,total_rev_nom2001,total_rev_nom2000,total_rev_nom1999,total_rev_nom1998,total_rev_nom1997,total_rev_nom1996,total_rev_nom1995,local_rev_nom2017,local_rev_nom2016,local_rev_nom2015,local_rev_nom2014,local_rev_nom2013,local_rev_nom2012,local_rev_nom2011,local_rev_nom2010,local_rev_nom2009,local_rev_nom2008,local_rev_nom2007,local_rev_nom2006,local_rev_nom2005,local_rev_nom2004,local_rev_nom2003,local_rev_nom2002,local_rev_nom2001,local_rev_nom2000,local_rev_nom1999,local_rev_nom1998,local_rev_nom1997,local_rev_nom1996,local_rev_nom1995,state_rev_nom2017,state_rev_nom2016,state_rev_nom2015,state_rev_nom2014,state_rev_nom2013,state_rev_nom2012,state_rev_nom2011,state_rev_nom2010,state_rev_nom2009,state_rev_nom2008,state_rev_nom2007,state_rev_nom2006,state_rev_nom2005,state_rev_nom2004,state_rev_nom2003,state_rev_nom2002,state_rev_nom2001,state_rev_nom2000,state_rev_nom1999,state_rev_nom1998,state_rev_nom1997,state_rev_nom1996,state_rev_nom1995,fed_rev_nom2017,fed_rev_nom2016,fed_rev_nom2015,fed_rev_nom2014,fed_rev_nom2013,fed_rev_nom2012,fed_rev_nom2011,fed_rev_nom2010,fed_rev_nom2009,fed_rev_nom2008,fed_rev_nom2007,fed_rev_nom2006,fed_rev_nom2005,fed_rev_nom2004,fed_rev_nom2003,fed_rev_nom2002,fed_rev_nom2001,fed_rev_nom2000,fed_rev_nom1999,fed_rev_nom1998,fed_rev_nom1997,fed_rev_nom1996,fed_rev_nom1995
Alabama,744930,743789,,746204,744548,744621,738322,748889,745668,742919,743273,743265,729342,730418,727900,726367,728532,730184,737639,739321,737386,735912,727480,7912049000,7607098000,7463813000,7421357000,7207923000,7136949000,7376725000,7281058000,7186390000,7726213000,7069040000,6364028000,5889966000,5356113000,5196054000,5128559000,4832946000,4885917000,4471546000,4140537000,3981788000,3365113000,3367437000,2749746000,2654427000,2533580000,2558244000,2497561000,2398344000,2334041000,2346819000,2296492000,2365769000,2309019000,2093480000,1976480000,1758927000,1661369000,1609151000,1487160000,1456125000,1325798000,1176565000,1106741000,891538000,877114000,4350896000,4148764000,4129071000,4065528000,3898397000,3948651000,3965614000,3800128000,4161103000,4649053000,4070949000,3540436000,3247562000,2971520000,2966981000,3010983000,2879636000,3003814000,2752653000,2589819000,2498847000,2138717000,2161366000,811407000,803907000,801162000,797585000,811965000,789954000,1077070000,1134111000,728795000,711391000,689072000,730112000,665924000,625666000,567704000,508425000,466150000,425978000,393095000,374153000,376200000,334858000,328957000
Alaska,132712,132477,131139,130944,131489,131166,132104,131661,130236,130624,132197,132893,132568,133153,133303,133010,131985,132822,133508,130633,128143,126189,125421,2504501000,2494691000,2932288000,2554973000,2545117000,2383402000,2357828000,2230338000,2158970000,2188587000,1800616000,1625138000,1599739000,1477152000,1425948000,1377767000,1325497000,1313509000,1243227000,1206195000,1131950000,1120346000,1117068000,553794000,573696000,550345000,529749000,516730000,523484000,521513000,506695000,488556000,465870000,465989000,416307000,418162000,380895000,353154000,355127000,363216000,339796000,315911000,303046000,294023000,290725000,284003000,1600503000,1613675000,2036294000,1715699000,1707449000,1507913000,1416163000,1356673000,1357747000,1419318000,1052357000,918976000,878731000,809810000,813371000,773418000,732985000,774194000,740163000,745814000,692364000,706116000,710028000,350204000,307320000,345649000,309525000,320938000,352005000,420152000,366970000,312667000,303399000,282270000,289855000,302846000,286447000,259423000,249222000,229296000,199519000,187153000,157335000,145563000,123505000,123037000
Arizona,1113116,1097702,1102595,1102306,1089246,1080224,1071644,1076157,1085330,1085529,1062307,1035238,1004420,973980,945571,919662,879030,814807,846118,812218,783552,764681,735018,10238872000,9980177000,9541599000,9471961000,9318093000,8934592000,9406478000,9772566000,9640930000,10066505000,9451512000,8736198000,8141563000,7640237000,6960837000,6549707000,5936052000,5479157000,5242265976,4775240000,4343262000,4143304000,3815225000,4175765000,4010628000,4004219000,4095049000,4137381000,4109684000,4199704000,4166610000,4004261000,3870807000,3614840000,3529986000,3371989000,3130677000,2902527000,2768909000,2607723000,2463451000,2353965976,2205425000,2030455000,1966024000,1769608000,4739352000,4667539000,4314140000,4204036000,3893939000,3676776000,3839130000,3809802000,4519015000,5142447000,4816994000,4178564000,3812262000,3615981000,3271722000,3123258000,2730815000,2481088000,2385974000,2083558000,1907516000,1798363000,1669180000,1323755000,1302010000,1223240000,1172876000,1286773000,1148132000,1367644000,1796154000,1117654000,1053251000,1019678000,1027648000,957312000,893579000,786588000,657540000,597514000,534618000,502326000,486257000,405291000,378917000,376437000
Arkansas,493447,492132,490917,489979,486157,483114,482114,480559,478748,477100,476197,473990,462898,454290,450731,449245,449693,450751,451981,456355,457349,452907,447757,5609182000,5517204000,5400557000,5272520000,5131694000,5233194000,5229304000,5114437000,4787521000,4615619000,4428067000,4257915000,3987344000,3391263000,3245444000,3148723000,2974588000,2844855000,2684963000,2567380000,2355859000,2183384000,2057550000,2097585000,2029542000,1964612000,1901305000,1824471000,1878641000,1727529000,1673460000,1604206000,1527101000,1424170000,1373863000,1241627000,1168369000,1086611000,1091272000,999102000,934626000,894019000,835486000,750615000,694985000,615537000,2902045000,2880716000,2844495000,2809362000,2728181000,2681697000,2667090000,2645222000,2644629000,2599186000,2519489000,2401167000,2297891000,1799195000,1778318000,1726236000,1701080000,1655494000,1558565000,1505419000,1387107000,1296247000,1244457000,609552000,606946000,591450000,561853000,579042000,672856000,834685000,795755000,538686000,489332000,484408000,482885000,447826000,423699000,380515000,331215000,274406000,254735000,232379000,226475000,218137000,192152000,197556000
California,6213238,6211501,6221878,6224222,6211527,6214203,6218195,6203551,6234886,6258097,6273063,6296294,6307022,6284502,6226552,6136915,6045030,5941946,5839207,5727224,5595836,5467041,5315832,91812227000,89224004000,78254834000,72411017000,68887831000,69029282000,71010111000,67360750000,73868198000,74507354000,72400456000,66191526000,62061204000,60050268000,59701153000,54378638000,53015752000,46380426000,41161477000,39039248000,35588761000,31265090000,29495947000,32869919000,30604615000,28333124000,26568630000,25895215000,23811441000,23221055000,23467533000,24073935000,24157304000,22926999000,21388221000,20059996000,21724745000,20355362000,18387390000,17454565000,15563539000,13945931000,13073298000,12189443000,11605937000,11346629000,51052657000,50910114000,42365151000,38426525000,35155654000,36423705000,37793351000,34176539000,40076487000,43150165000,42298263000,37403658000,34876499000,31716010000,33571613000,30950392000,31350825000,26857532000,23676592000,22832651000,20554551000,17056375000,15537954000,7889651000,7709275000,7556559000,7415862000,7836962000,8794136000,9995705000,9716678000,9717776000,7199885000,7175194000,7399647000,7124709000,6609513000,5774178000,5040856000,4210362000,3959355000,3538954000,3133299000,2844767000,2602778000,2611364000
Colorado,902117,895956,,876064,,853626,842813,831823,818096,801245,792946,779219,765388,756319,751049,741319,723696,707436,698402,686360,672634,655679,639805,10589380000,10260558000,9782008000,9247708000,8912418000,8694597000,8817569000,8850356000,8446178000,8108464000,7713834000,7297249000,6910296000,6527456000,6297242000,5849588000,5372785000,5073266000,4740254000,4356754000,4132021000,3886829000,3709587000,5280238000,5061660000,4605278000,4528293000,4442644000,4216428000,4294457000,4267769000,4152096000,4135594000,3859096000,3688407000,3483135000,3257610000,3181804000,3050399000,2857543000,2723741000,2501276000,2262618000,2142824000,2029641000,1930273000,4602984000,4477179000,4453709000,4030071000,3767219000,3767205000,3543208000,3861831000,3692133000,3425306000,3323313000,3087886000,2954915000,2834744000,2715219000,2460333000,2222723000,2083318000,2004039000,1879482000,1784265000,1662316000,1577973000,706158000,721719000,723021000,689344000,702555000,710964000,979904000,720756000,601949000,547564000,531425000,520956000,472246000,435102000,400219000,338856000,292519000,266207000,234939000,214654000,204932000,194872000,201341000
Connecticut,520666,523737,528677,533510,539615,544090,550739,555650,548019,552448,556610,552671,555204,554785,554379,549739,539486,531286,523917,516114,507838,499815,489513,11469385000,11551743000,11220425000,10848466000,10412007000,10154657000,9866730000,9801915000,9756387000,9365658000,8950315000,8463141000,7924988000,7301627000,6980992000,6665407000,6349890000,5892443980,5472882980,5032007000,4788374000,4685947000,4419284000,6670699000,6559980000,6318773000,6193893000,6026270000,5838154000,5813685000,5686080000,5698192000,5420108000,5231874000,4902222000,4608255092,4395708920,4122985865,3862989000,3681507000,3345097980,3171936980,3007138000,2910333000,2820636000,2649132000,4314564000,4508016000,4437662000,4213942000,3935093000,3803958000,3254045000,3291886000,3651013000,3555763000,3329243000,3170984000,2908174000,2538824000,2497930000,2505988000,2403658000,2305040000,2083857000,1834067000,1719588000,1703093000,1622686000,484122000,483747000,463990000,440631000,450644000,512545000,799000000,823949000,407182000,389787000,389198000,389935000,408558908,367094000,360076000,296430000,264725000,242306000,217089000,190799000,158453000,162218000,147466000
Delaware,136264,134847,134042,131687,128627,128946,129403,126801,125430,122574,122254,120937,119107,117777,116342,114956,114771,113996,112872,111824,110245,108461,106813,2426071000,2223576000,2198262000,2089061000,2059011000,1975398000,1860320000,1828834000,1808005000,1782490000,1772040000,1606487000,1486509000,1382955000,1283564000,1210278000,1173639000,1106216000,1007524000,937181000,898926000,860410000,802115000,869939000,798864000,803925000,726157000,698128000,616522000,584665000,586740000,585660000,577891000,543781000,483992000,447416000,417824000,370025000,339924000,327612000,314119000,297163000,280915000,266349000,244491000,239863000,1406714000,1280005000,1240685000,1219987000,1200293000,1162781000,1073154000,1051567000,1106196000,1095171000,1120750000,1008685000,928954000,857639000,818870000,782125000,767617000,722116000,648843000,596234000,575855000,567123000,510570000,149418000,144707000,153652000,142917000,160590000,196095000,202501000,190527000,116149000,109428000,107509000,113810000,110139000,107492000,94669000,88229000,78410000,69981000,61518000,60032000,56722000,48796000,51682000
District of Columbia,85746,83404,80913,78153,76140,73840,71277,69433,68229,77706,73305,74406,75435,75146,67522,68449,68925,70762,71889,77111,78648,79802,80450,2524254000,2170632000,2148212000,2087333000,2011375000,1984714000,1837222000,1669520000,1255586000,1591604000,1439378000,1303721000,1294818000,1225132000,1114061000,1138126000,1042261000,881423000,758072000,706938000,711625000,678874000,700111000,2286429000,1944430000,1929973000,1880146000,1813926000,1776464000,1609988000,1520717000,1133340000,1447382000,1260460000,1153602000,1096719000,1040926374,961462000,996612000,927385000,696598000,635102000,590572000,638448000,621004000,634584000,0,0,0,0,0,0,0,0,0,0,0,0,0,0,0,0,0,0,0,0,0,0,0,237825000,226202000,218239000,207187000,197449000,208250000,227234000,148803000,122246000,144222000,178918000,150119000,198099000,184207000,152599000,141514000,114876000,184825000,122970000,116366000,73177000,57870000,65527000
Florida,2816791,2792234,2756944,2720744,2692162,2668156,2643347,2634522,2623067,2645680,2656176,2663973,2645280,2592997,2536699,2500179,2431884,2377271,2333567,2292161,2241298,2175352,2107514,29002004000,28125598000,26971491000,26077462000,24681548000,24139266000,26453693000,26231141000,26494500000,30001821000,28898362000,25423686000,23216404000,21623923000,19549835000,18541689000,18467090000,17558787000,17093036000,15595671000,14363709000,13684457000,13242710000,14453195000,14014462000,13191864000,12504507000,12198968000,12368628000,12674198000,13814456000,14752348000,15691385000,14830403000,12747910000,10947078000,9855849000,8903891000,8236358000,7782333000,7355813000,7106124000,6736457000,6348922000,6070811000,5784787000,11346682000,10963807000,10661586000,10460928000,9455562000,8702317000,9069119000,8216582000,9047586000,11830218000,11578932000,10215772000,9940813000,9593760000,8689141000,8542871000,9120855000,8804217000,8719985000,7742607000,7022561000,6671487000,6519109000,3202127000,3147329000,3118041000,3112027000,3027018000,3068321000,4710376000,4200103000,2694566000,2480218000,2489027000,2460004000,2328513000,2174314000,1956803000,1762460000,1563902000,1398757000,1266927000,1116607000,992226000,942159000,938814000
Georgia,1764193,1757071,1744246,1723909,1703132,1685016,1677067,1667685,1650351,1646586,1628409,1597682,1552758,1522424,1495819,1470634,1444937,1422941,1401291,1375980,1346761,1311126,1270948,20611294000,19610778000,18741183000,17954478000,17568147000,17625741000,18037441000,17845877000,17979225000,18688674000,17755989000,16165924000,14724731000,14136215000,13411406000,12961655000,12198959000,11133559000,10321163000,9153295000,8198863000,7708846000,7009705000,9336611000,8837987000,8447746000,8187815000,8073586000,8246158000,8270502000,8502063000,8589433000,8801617000,8373349000,7574701000,6900310000,6601067000,5900775000,5756672000,5549720000,5062219000,4544220000,3862039000,3228815000,3141882000,2922856000,9411948000,8957549000,8454333000,7958495000,7681745000,7511569000,7499327000,6745131000,7745218000,8437500000,7907177000,7136011000,6449103000,6333305000,6483230000,6316537000,5903264000,5375151000,5117145000,4708586000,4446008000,4060905000,3628577000,1862735000,1815242000,1839104000,1808168000,1812816000,1868014000,2267612000,2598683000,1644574000,1449557000,1475463000,1455212000,1375318000,1201843000,1027401000,888446000,745975000,696189000,659798000,582670000,524040000,506059000,458272000
Hawaii,181550,181995,182384,186825,184760,182706,179601,180196,179478,179897,180728,182818,183185,183609,183829,184546,184360,185860,188069,189887,187653,187104,183869,2844167000,3030519000,2703683000,2696665000,2331770000,2535038000,2499513000,2564856000,2689758000,2541703000,2985593000,2705532000,2274166000,2138137000,2078877000,1889600000,1682332000,1404895000,1328572000,1279125000,1213792000,1199019000,1173579000,57845000,59027000,62746000,55076000,58069000,55056000,63280000,89156000,91889000,76658000,47848000,48404000,50578000,50930000,35182000,35222000,30061000,30597000,31085000,30975000,29587000,28531000,28736000,2534177000,2710361000,2381547000,2354601000,1962923000,2161254000,2088870000,2093300000,2205032000,2154313000,2681049000,2431735000,1986615000,1850737000,1873318000,1684226000,1511318000,1247256000,1166940000,1141001000,1088410000,1079097000,1062296000,252145000,261131000,259390000,286988000,310778000,318728000,347363000,382400000,392837000,310732000,256696000,225393000,236973000,236470000,170377000,170152000,140953000,127042000,130547000,107149000,95795000,91391000,82547000
Idaho,297078,292159,290743,296323,284735,279749,275972,276205,275075,272058,267533,261907,256004,252037,248515,246415,245009,245226,244623,244403,245252,243097,240448,2527080000,2382012000,2272275000,2162681000,2083854000,2044328000,2153251000,2234536000,2226585000,2187936000,2038375000,1895799000,1807183000,1733838000,1685984000,1636343000,1577405000,1458527000,1405250000,1310960000,1200185000,1134052000,1083215000,612665000,580373000,562402000,537310000,502935000,479052000,482108000,504290000,505333000,538504000,472433000,629565000,580644000,548404000,529432000,498714000,483645000,455174000,440737000,398932000,372182000,335348000,336586000,1669741000,1553093000,1470146000,1386935000,1336552000,1292728000,1371789000,1273313000,1498104000,1441044000,1360688000,1063602000,1033753000,1007906000,994022000,996936000,970238000,892911000,867752000,822017000,747250000,718218000,665768000,244674000,248546000,239727000,238436000,244367000,272548000,299354000,456933000,223148000,208388000,205254000,202632000,192786000,177528000,162530000,140693000,123522000,110442000,96761000,90011000,80753000,80486000,80861000
Illinois,2021550,2035008,2050239,2066990,2052513,2083097,2090403,2104422,2117291,2099412,2101085,2097585,2072437,2079027,2062664,2047836,2025249,2003839,1987427,1972406,1952892,1924970,1897161,35983598000,32918839000,32101113000,31086001000,30067143000,29900021000,29513007000,28255114000,26988141000,25435685000,24133645000,22722483000,21606884000,21055769000,19565530000,19023858000,18445693000,17527504000,16109010000,14634725000,13866808000,12732129000,12237085000,20004115000,19173584000,18728262000,18328066000,18050852000,17990482000,17312535000,16324604000,16469312000,15888428000,15212214000,14370328000,13150230000,12491306000,11569698000,11247693000,10957910000,10480237000,9904617000,9378572000,8970206000,8235248000,7844568000,13668208000,11410310000,11108935000,10455967000,9705408000,9479126000,9304948000,8120335000,7172173000,7550443000,7058613000,6465138000,6621293000,6816543000,6388591000,6351363000,6097998000,5778967000,5137844000,4304502000,4056901000,3768481000,3705759000,2311275000,2334945000,2263916000,2301968000,2310883000,2430413000,2895524000,3810175000,3346656000,1996814000,1862818000,1887017000,1835361000,1747920000,1607241000,1424802000,1389785000,1268300000,1066549000,951651000,839701000,728400000,686758000
Indiana,1049225,1046567,1046060,1047280,1040708,1040724,1047186,1046613,1033664,1037953,1038971,1030183,1018076,1008585,1000984,994348,987854,987214,986891,985690,981546,975455,966622,13351199000,13143063000,12849355000,12774416000,12597249000,12678255000,12319010000,14196700000,13056485000,11388165000,10489245000,11614481000,11685424000,10446055000,8257907000,9273957000,9124751000,8490883986,8167164000,7656749000,7885141000,6422662000,6514934000,4081556000,4040581000,3895259000,3867085000,3793708000,3882745000,3775432000,5214979000,5810266000,5186378000,4473596000,5471104000,5731155000,4735184000,3096951000,4303896000,4089869000,3764012986,3695211000,3542592000,3796628000,2817690000,2886574000,8279772000,8087006000,7956662000,7904221000,7758314000,7645460000,7483801000,7460068000,5833351000,5388894000,5246823000,5400321000,5241869000,5056055000,4575965000,4446730000,4590018000,4300608000,4094272000,3770236000,3783388000,3298257000,3335998000,989871000,1015476000,997434000,1003110000,1045227000,1150050000,1059777000,1521653000,1412868000,812893000,768826000,743056000,712400000,654816000,584991000,523331000,444864000,426270000,377681000,343921000,305125000,306715000,292362000
Iowa,509831,508014,505311,502816,499489,495870,495775,491255,487559,485114,483122,483482,478319,481226,482210,485932,495080,497301,498214,501054,502941,502343,498837,7188820000,6919477000,6714410000,6455928000,6281345000,6268908000,6098470000,5744872000,5732319000,5496908000,5194536000,4898509000,4638125000,4396136000,4374803000,4191217000,4068110000,3822452000,3740510000,3589705000,3406582000,3258040000,3076971000,2978316000,2871491000,2795155000,2753227000,2703800000,3075627000,2964028000,2798622000,2755824000,2639815000,2524723000,2342964000,2222269000,2089445000,2095407000,1965680000,1884913000,1726234000,1778453000,1705895000,1606924000,1623736000,1554668000,3732337000,3583134000,3460798000,3247115000,3118413000,2681035000,2537754000,2217889000,2545353000,2465108000,2279228000,2158255000,2051926000,1953425000,1974708000,1951680000,1943702000,1879158000,1776000000,1715712000,1646498000,1486426000,1381253000,478167000,464852000,458457000,455586000,459132000,512246000,596688000,728361000,431142000,391985000,390585000,397290000,363930000,353266000,304688000,273857000,239495000,217060000,186057000,168098000,153160000,147878000,141050000
Kansas,494319,495884,497275,496440,488736,486108,484192,474489,470445,467743,468974,467279,468481,469824,470264,470204,468347,469377,469758,468980,466368,463008,460905,6564248000,6069563000,5991731000,5485335000,5667223000,5613619000,5538869000,5454128000,5615208000,5378095000,5037698000,4648920000,4223632000,4377709000,4068800000,3823245000,3681832000,3518249000,3390597000,3207670000,3029543000,2914544000,2826943000,1994667000,1666124000,1548649000,1936108000,2052565000,2030363000,1981594000,1919437000,1944913000,1895098000,1797224000,1667435000,1506647000,1788090000,1359987000,1258940000,1189208000,1094953000,1095506000,1150637000,1194780000,1115528000,1076376000,4031908000,3949517000,3967809000,3146977000,3193838000,3173205000,2945175000,2860999000,3291485000,3138799000,2894033000,2640757000,2360120000,2250069000,2397661000,2281992000,2253677000,2201788000,2093218000,1868123000,1682302000,1658774000,1613143000,537673000,453922000,475273000,402250000,420820000,410051000,612100000,673692000,378810000,344198000,346441000,340728000,356865000,339550000,311152000,282313000,238947000,221508000,201873000,188910000,152461000,140242000,137424000
Kentucky,684017,686598,688640,677389,685167,681987,673128,680088,669858,666019,646360,679621,674502,663886,660782,654363,643730,646467,653628,645232,631592,639531,639992,7919065000,7745928000,7548871000,7229857000,7216175000,7192430000,7104565000,6881951000,6706922000,6637062000,6226697000,6002056000,5444309000,5135262000,4872025000,4621010000,4536108000,4330083000,4188129000,3938009000,3842899000,3622788000,3508673000,2677531000,2596532000,2523155000,2437243000,2387618000,2288227000,2235751000,2159793000,2116485000,2098372000,1992043000,1882720000,1676591000,1559659000,1463960000,1390917000,1362543000,1290393000,1223707000,1158363000,1119320000,1045045000,977003000,4330473000,4269100000,4176753000,3966872000,3960822000,3920971000,3704126000,3662243000,3870440000,3841470000,3557084000,3439085000,3121503000,2968391000,2904331000,2743882000,2727410000,2612740000,2584984000,2411836000,2381664000,2272684000,2218928000,911061000,880296000,848963000,825742000,867735000,983232000,1164688000,1059915000,719997000,697220000,677570000,680251000,646215000,607212000,503734000,486211000,446155000,426950000,379438000,367810000,341915000,305059000,312742000
Louisiana,716994,,716754,711491,710903,701936,696558,690915,682158,678408,674577,648313,717625,721414,723252,725027,737223,750755,764642,774561,808798,796087,797061,9159802000,,9107233000,8935828000,8561684000,8902599000,8350135000,8361382000,8202325000,7927710000,7160037000,6780668000,5975074000,5713792000,5478321000,5229238000,4982369000,4785331000,4641847000,4443468000,4106095000,3879633000,3791795000,4199195000,,3994194000,3868610000,3682092000,3509086000,3375086000,3288004000,3251901000,3145849000,2933083000,2689453000,2342892000,2186907000,2100258000,2025440000,1979288000,1867387000,1744025000,1679099000,1540184000,1433214000,1343060000,3817640000,,3781120000,3710581000,3575232000,3782907000,3404656000,3463548000,3664513000,3451692000,2974519000,2814302000,2787542000,2740918000,2638985000,2536111000,2425436000,2361704000,2364871000,2266287000,2087903000,1978056000,1999375000,1142967000,,1331919000,1356637000,1304360000,1610606000,1570393000,1609830000,1285911000,1330169000,1252435000,1276913000,844640000,785967000,739078000,667687000,577645000,556240000,532951000,498082000,478008000,468363000,449360000
Maine,179252,180479,181310,182752,184458,187757,187931,187903,187372,193058,193539,195675,198745,201594,203848,204949,206750,208589,209822,212038,213241,213601,212154,2883459000,2861888000,2829079000,2742256000,2675746000,2618664000,2658068000,2721365000,2623127000,2594335000,2538161000,2381908000,2324867000,2228749000,2162605000,2031325000,1904711000,1783505000,1700138000,1611926000,1537078000,1485138000,1446745000,1604382000,1585690000,1554531000,1488767000,1425808000,1359494000,1322936000,1316535000,1270912000,1277420000,1258169000,1232604000,1231617000,1167967000,1124881000,1046245000,989870000,926528000,878924000,833051000,793095000,759130000,715886000,1093423000,1089675000,1086574000,1067491000,1052169000,1017340000,1045786000,1083913000,1107152000,1122001000,1081891000,947857000,895599000,870326000,874208000,850099000,808238000,757935000,736870000,696430000,669487000,647382000,652626000,185654000,186523000,187974000,185998000,197769000,241830000,289346000,320917000,245063000,194914000,198101000,201447000,197651000,190456000,163516000,134981000,106603000,99042000,84344000,82445000,74496000,78626000,78233000
Maryland,886221,879601,874514,866169,859638,854086,852211,848412,843781,845700,851640,860021,865561,869113,866743,860640,852920,846582,841671,830744,818583,805544,790938,14913187000,14409321000,14491642000,13982544000,13814727000,13752912000,13443940000,13327770000,13147931000,13098112000,11674965000,10697117000,9906219000,9123493000,8700979000,8430663000,7864290000,7419047000,6850334000,6521269000,6040883000,5688918000,5580123000,7561502000,7250771000,7404856000,6979775000,6892643000,6912736000,6679637000,6778547000,6755828000,6897191000,6328461000,5844499000,5505959000,5105248000,4812468000,4769577000,4468585000,4205808000,3791623000,3681847000,3404695000,3253925000,3250655000,6499820000,6334951000,6267624000,6186736000,6093652000,5980541000,5508339000,5544725000,5697257000,5499326000,4684827000,4189334000,3729262000,3436703000,3317403000,3133775000,2928704000,2804218000,2686695000,2514101000,2343928000,2163187000,2059219000,851865000,823599000,819162000,816033000,828432000,859635000,1255964000,1004498000,694846000,701595000,661677000,663284000,670998000,581542000,571108000,527311000,467001000,409021000,372016000,325321000,292260000,271806000,270249000
Massachusetts,964514,964026,955842,955739,954773,953369,954648,957053,958821,937677,945070,949951,955225,962488,967200,959641,965934,958907,957402,942331,928519,912330,893727,19011348000,18177253000,17656902000,17188202000,15681423000,16208842000,15396681000,14919763000,15657046000,14633578000,14581788000,14160242000,12976279000,11979937000,11591832000,11217086000,10613052000,9464266000,8388257000,7726497000,7587740000,7129757000,7326904000,11137159000,10590850000,10010866000,9766246000,9345421000,8990732000,8416058000,8083882000,8471959000,7777274000,7342206000,7235287000,6779949000,6480009000,6121713000,5935311000,5794366000,5056851000,4402866000,4175667000,3906700000,3799496000,4965699000,7056144000,6781808000,6831764000,6591652000,5480931000,6203878000,5783240000,5742989000,5977232000,6114211000,6485380000,6175593000,5434971000,4726087000,4757632000,4681737000,4328461000,3926522000,3571654000,3183950000,3341044000,3028094000,2095327000,818045000,804595000,814272000,830304000,855071000,1014232000,1197383000,1092892000,1207855000,742093000,754202000,749362000,761359000,773841000,712487000,600038000,490225000,480893000,413737000,366880000,339996000,302167000,265878000
Michigan,1480504,1487417,1493826,1509447,1518245,1539981,1569723,1622646,1641393,1677241,1700281,1726584,1728911,1740776,1765023,1725522,1705088,1699693,1696275,1680559,1684261,1631131,1604527,21284975000,20863260000,20462818000,19841231000,19593889000,19714587000,20435603000,20430826000,20568388000,20580072000,20694778000,19819643000,19175477000,18684930000,18493977000,18057650000,16770155000,15936860000,15248112000,14712250000,13759710000,13009702000,12500208000,7367711000,7195057000,6998854000,6890217000,6868467000,7017822000,7047879000,7363482000,7438725000,7785603000,7656822000,7022815000,6610244000,6110210000,5903547000,5595565000,5201160000,4966955000,4709979000,4371770000,4224657000,3900429000,3753984000,12224347000,11937169000,11706454000,11211706000,10938981000,10700394000,10710646000,10516657000,10904994000,11287611000,11484251000,11259963000,11043427000,11146445000,11232712000,11207290000,10478572000,9939686000,9519308000,9474264000,8728340000,8460580000,8053624000,1692917000,1731034000,1757510000,1739308000,1786441000,1996371000,2677078000,2550687000,2224669000,1506858000,1553705000,1536865000,1521806000,1428275000,1357718000,1254795000,1090423000,1030219000,1018825000,866216000,806713000,648693000,692600000
Minnesota,873082,862222,855084,848821,844396,839073,835228,834116,833507,835682,835550,832361,831566,836501,837797,842337,845597,847561,847618,842210,836689,827418,816695,13370549000,12889641000,12326569000,11728058000,11351351000,11140648000,11342041000,10791512000,10735056000,10439643000,9984179000,9537718000,8960397000,8839523000,8609117000,8162343000,7906006000,7387828988,6967980000,6646830000,6290621000,6086109000,5743510000,3898903000,3699881000,3519363000,2966453000,3432257000,3318668000,3797653000,3175770000,3205605000,3062734000,2919130000,2408088000,2355022000,2176225000,1965758000,2890870000,2788803000,2743498988,2746682000,2978633000,2724436000,2421079000,2588501000,8762973000,8504705000,8131816000,8091345000,7233333000,7044999000,6657769000,6309696000,6916040000,6785837000,6492502000,6546919000,6054771000,6139537000,6165749000,4850265000,4760848000,4309396000,3897067000,3363132000,3315501000,3424207000,2919940000,708673000,685055000,675390000,670260000,685761000,776981000,886619000,1306046000,613411000,591072000,572547000,582711000,550604000,523761000,477610000,421208000,356355000,334934000,324231000,305069000,250684000,240823000,235069000
Mississippi,483150,487166,490863,492953,493650,490619,490526,492481,491194,493302,494135,493952,494382,492557,491623,492198,496513,499362,502382,504792,503979,503602,503301,4769140000,4755399000,4592343000,4482387000,4444064000,4477828000,4516742000,4466377000,4392101000,4449009000,4220926000,4279581000,3639643000,3481643000,3260771000,3029559000,2823151000,2743284000,2532677000,2400660000,2274700000,2241561000,2118973000,1680505000,1653054000,1595122000,1573082000,1523041000,1486998000,1438810000,1411315000,1382162000,1351272000,1293380000,1314086000,1128515000,1057647000,1023416000,951144000,917467000,870229000,818402000,759252000,715980000,661118000,623521000,2415763000,2411621000,2324855000,2244096000,2213501000,2195720000,2071467000,2109089000,2334363000,2389484000,2214700000,2108733000,1958500000,1907476000,1754451000,1639832000,1519788000,1504225000,1374920000,1319058000,1253204000,1285429000,1185162000,672872000,690724000,672366000,665209000,707522000,795110000,1006465000,945973000,675576000,708253000,712846000,856762000,552628000,516520000,482904000,438583000,385896000,368830000,339355000,322350000,305516000,295014000,310290000
Missouri,914964,919135,918987,918288,917777,916582,918710,917812,910972,912932,916258,913765,902659,914055,921625,909918,911673,913517,911563,909441,899750,873867,862505,11491735000,11199359000,10921017000,10527283000,10359391000,10263078000,10174874000,9807933000,9671463000,9491504000,8976802000,8846493000,8340865000,7893957000,7622601000,7455542000,7081783000,6675260000,6238901000,5990499000,5550134000,5251014000,4852443000,6823800000,6605996000,6424754000,6237520000,6091330000,5997673000,5822316000,5720449000,5829734000,5826002000,5480411000,5168511000,4834535000,4599596000,4366201000,4279938000,4004067000,3773613000,3461119000,3290966000,3035235000,2875925000,2718895000,3704494000,3633385000,3514270000,3363813000,3341589000,3234484000,2963196000,2608023000,3060939000,2923557000,2758447000,2937240000,2812322000,2674079000,2696668000,2631063000,2613597000,2463749000,2374577000,2312498000,2178447000,2050523000,1820253000,963441000,959978000,981993000,925950000,926472000,1030921000,1389362000,1479461000,780790000,741945000,737944000,740742000,694008000,620282000,559732000,544541000,464119000,437898000,403205000,387035000,336452000,324566000,313295000
Montana,146332,145287,144488,144129,142908,142349,141693,141807,141782,142695,144258,145259,146552,148168,149801,151751,154700,157381,159813,162164,164464,165390,164109,1831934000,1800909000,1804339000,1729712000,1671056000,1628318000,1632236000,1623971000,1607935000,1562815000,1474306000,1375638000,1293070000,1270790000,1205602000,1168797000,1139944000,1104921000,1049279000,1035578000,989977000,944623000,911284000,763748000,739765000,738291000,705396000,672131000,653125000,653756000,622991000,647053000,610589000,581199000,558454000,523062000,518366000,480514000,462458000,473310000,486892000,467822000,454433000,434083000,402019000,372361000,850805000,840804000,851068000,822788000,788332000,761029000,713886000,744931000,765177000,766328000,702476000,626958000,578321000,560584000,553269000,554360000,537866000,487115000,466278000,478301000,465343000,452250000,449477000,217381000,220340000,214980000,201528000,210593000,214164000,264594000,256049000,195705000,185898000,190631000,190226000,191687000,191840000,171819000,151979000,128768000,130914000,115179000,102844000,90551000,90354000,89446000
Nebraska,319194,316014,312635,307677,303505,301296,298500,295314,292161,290912,287135,285547,284553,284170,283934,283791,285331,286953,290383,291570,290883,289251,285836,4511841000,4398811000,4248695000,4005090000,3870164000,3764056000,3879388000,3720560000,3522481000,3383157000,3234014000,3107061000,2895640000,2734724000,2600831000,2528494000,2355374000,2259122000,2212104000,2062836000,1994021000,1909834000,1832463000,2719756000,2614937000,2554197000,2403900000,2286617000,2231666000,2154342000,2069836000,2041973000,1970022000,1943786000,1857296000,1721096000,1619800000,1496255000,1449282000,1383026000,1295275000,1255317000,1268512000,1247473000,1234589000,1168686000,1450757000,1437048000,1350116000,1283014000,1217306000,1166374000,1153077000,1184996000,1182776000,1091160000,992032000,948001000,878576000,874804000,878715000,879807000,806280000,811779000,805824000,663420000,630765000,574359000,560994000,341328000,346826000,344382000,318176000,366241000,366016000,571969000,465728000,297732000,321975000,298196000,301764000,295968000,240120000,225861000,199405000,166068000,152068000,150963000,130904000,115783000,100886000,102783000
Nevada,473744,467527,459189,451831,445707,439634,437149,428947,430985,428776,422782,412747,400083,385414,369498,356814,340706,325610,311236,296621,282131,265041,250749,4906943000,4670678000,4505635000,4321906000,4131800000,4127425000,4196857000,4301924000,4442101000,4338601000,4006081000,3691628000,3381646000,3069531000,2778564000,2604646000,2388001000,2257376000,2089877000,1906860000,1701290000,1551169000,1367710000,2693626000,2598791000,2484077000,2380769000,2342106000,2357587000,2360815000,2536322000,2654736000,2713563000,2650707000,2476625000,2216276000,1940036000,1748820000,1630517000,1588259000,1489995000,1320738000,1216279000,1091484000,988038000,891056000,1780387000,1666098000,1621776000,1555660000,1397685000,1365017000,1388154000,1406631000,1362232000,1344140000,1077525000,956189000,913949000,908007000,837905000,820315000,681424000,656790000,677001000,605882000,541675000,495853000,411647000,432930000,405789000,399782000,385477000,392009000,404821000,447888000,358971000,425133000,280898000,277849000,258814000,251421000,221488000,191839000,153814000,118318000,110591000,92138000,84699000,68131000,67278000,65007000
New Hampshire,,,,184473,187020,190782,194711,196648,197024,195668,198625,201044,202223,203359,203702,203072,204721,203178,201252,196734,193524,191004,186239,3222740000,3150473000,3093061000,3043862000,2976257000,2963221000,2947007000,2906573000,2816162000,2715463000,2600123000,2459089000,2332695000,2194562000,2028602000,1887119000,1757830000,1586863000,1498288000,1420100000,1339184000,1269380000,1197945000,2050018000,1976554000,1928093000,1877716000,1792278000,1746653000,1701228000,1660400000,1667056000,1571118000,1526183000,1403324000,1327782000,1106895000,969837000,858083000,796914000,666894000,1312357000,1240502000,1200297000,1143921000,1079170000,1004048000,1004753000,1000063000,1004699000,1020089000,1029325000,1061011000,1060998000,1002239000,1008333000,936882000,925677000,878957000,968313000,957471000,943592000,884225000,865318000,127705000,127621000,94550000,84837000,83613000,168674000,169166000,164905000,161447000,163890000,187243000,184768000,185175000,146867000,136012000,137058000,130088000,125956000,119354000,101294000,85444000,76691000,54651000,58226000,51977000,44337000,40622000,35162000
New Jersey,1408399,1408220,1377071,1368412,1369423,1353208,1398878,1392949,1374260,1370462,1379604,1385924,1382110,1374884,1362260,1337245,1309753,1286143,1257772,1238948,1216721,1193928,1171658,31365371000,30820854000,30018593000,29017896000,28523099000,28049868000,26624820000,27025649000,26802459000,26151514000,25497897000,24095073000,23185906000,21547880000,19916609000,18158260000,16913164000,15696697000,14975335000,13785102000,12910872000,12389781000,11870183000,17982721000,17310925000,16917603000,16392439000,16580479000,15991405000,15783471000,15321929000,15212705000,14674372000,14266434000,13458136000,12795319000,11773409000,10898694000,10025656000,9625282000,8989403000,8571508000,8062749000,7683929000,7391184000,7103104000,12113096000,12260188000,11897383000,11438038000,10782988000,10650713000,9521328000,9281219000,10549003000,10477848000,10217495000,9635124000,9434551000,8860404000,8208248000,7403387000,6660581000,6125248000,5869172000,5245322000,4799701000,4589725000,4369467000,1269554000,1249741000,1203607000,1187419000,1159632000,1407750000,1320021000,2422501000,1040751000,999294000,1013968000,1001813000,956036000,914067000,809667000,729217000,627301000,582046000,534655000,477031000,427242000,408872000,397612000
New Mexico,336263,335694,340365,339364,338220,337225,338122,334419,329843,329045,327816,326761,326102,323066,320264,320068,320303,324489,328715,331673,332849,329661,327253,3967654000,3928180000,3928067000,3725654000,3624039000,3524330000,3634075000,3668363000,3714092000,3569311000,3272953000,3094036000,2982991000,2855893000,2626262000,2561192000,2379258000,2191695000,2068337000,1913783000,1768148000,1750519000,1646265000,742299000,676184000,703133000,638009000,602834000,607625000,601515000,578045000,568385000,559180000,467945000,449998000,399433000,374227000,337330000,352459000,354804000,324385000,281173000,276580000,249714000,253427000,225026000,2667130000,2735707000,2718079000,2613791000,2493016000,2422277000,2390635000,2329755000,2624339000,2542639000,2360542000,2197044000,2102670000,1989564000,1905419000,1851496000,1697263000,1571088000,1509815000,1383314000,1287163000,1281567000,1215392000,558225000,516289000,506855000,473854000,528189000,494428000,641925000,760563000,521368000,467492000,444466000,446994000,480888000,492102000,383513000,357237000,327191000,296222000,277349000,253889000,231271000,215525000,205847000
New York,2729509,2711677,2740810,2718204,2710703,2703166,2734955,2765893,2699470,2730427,2757907,2790140,2819262,2845632,2882030,2848926,2858991,2862977,2853296,2836431,2818497,2788343,2738361,,,,,,,,55595507000,56024652000,53278133000,50888893000,47141263000,44048173000,40932355000,38142658000,35851140000,34474039000,31985198952,30314359952,27982731000,26777247000,26026157000,25063791000,,,,,,,,28779805000,27049012000,26103502000,24765014000,23609229000,21681365000,20158265000,18033133000,16303429000,16522829000,16277624952,15907893952,15422615000,14850351000,14231556000,13763048000,,,,,,,,23112820000,25770044000,24038338000,22848064000,20184751000,19204377000,17707300000,17510851000,17339441000,16034257000,13764966000,12607119000,11033560000,10477888000,10284154000,9932669000,,,,,,,,3702882000,3205596000,3136293000,3275815000,3347283000,3162431000,3066790000,2598674000,2208270000,1916953000,1942608000,1799347000,1526556000,1446699000,1510447000,1368074000
North Carolina,1550062,1544934,1535441,1499879,1518465,1507864,1490605,1483396,1488101,1440923,1427880,1405670,1372382,1347622,1335052,1314391,1292536,1274277,1253427,1232932,1208695,1181600,1155248,14796300000,14128774000,13723315000,13924200000,13134446000,13144026000,14778244000,16947027000,15699836000,13882032000,13299704000,11911742000,11287746000,10724729000,10046134000,9782921000,9770131000,9139571000,8521681000,7540445000,6827952000,6516400000,6076939000,4081374000,3802012000,3563750000,4219274000,3382952000,3415026000,5001904000,7346242000,5885011000,4445221000,4475809000,3735424000,3601038000,3480378000,3088956000,3022185000,2972707000,2564867000,2372507000,2181387000,2098677000,2101461000,1765846000,9117016000,8738786000,8543135000,8152493000,8149814000,7876557000,7690062000,7640715000,8420786000,8181894000,7626945000,6976615000,6553566000,6211947000,6058134000,5973019000,6130652000,5948417000,5590638000,4838154000,4258017000,3971818000,3867404000,1597910000,1587976000,1616430000,1552433000,1601680000,1852443000,2086278000,1960070000,1394039000,1254917000,1196950000,1199703000,1133142000,1032404000,899044000,787717000,666772000,626287000,558536000,520901000,471258000,443121000,443689000
North Dakota,109703,108630,106579,103786,101111,97645,96323,95073,94653,94959,96577,98172,100413,101889,103785,105936,108788,112349,114263,116813,118433,119102,119288,1813731000,1788749000,1650453000,1574628000,1405349000,1345371000,1309044000,1308214000,1152034000,1104803000,1045678000,1008339000,969520000,925393000,882913000,846759000,818139000,812983000,767802000,731384000,683331000,655971000,642234000,621949000,647931000,545031000,513596000,574096000,527066000,491770000,477613000,582538000,575726000,539851000,508616000,479972000,453912000,450243000,432416000,413690000,412910000,389817000,360451000,337654000,319295000,313611000,1028331000,985365000,946795000,904861000,685348000,658255000,630430000,552616000,408002000,383307000,355662000,348475000,341066000,336722000,306647000,303280000,301755000,303132000,286120000,284970000,270361000,267306000,256507000,163451000,155453000,158627000,156171000,145905000,160050000,186844000,277985000,161494000,145770000,150165000,151248000,148482000,134759000,126023000,111063000,102694000,96941000,91865000,85963000,75316000,69370000,72116000
Ohio,1710142,1716585,1724809,1724111,1729916,1739994,1754191,1764297,1814249,1824546,1834252,1837529,1837924,1843358,1835612,1818410,1831108,1831427,1834723,1846585,1844245,1837628,1829761,25712755000,24919066000,25547004000,24478336000,23003918000,23816517000,24420535000,24042628000,23550502000,23430610000,22773077000,21542128000,20252084000,19238482000,18258645000,17750105000,16760113000,15329450000,14484683000,13560644000,12608360000,12172538000,11368414000,13390970000,12856200000,12584657000,12219459000,11875854000,11503015000,11148033000,10968738000,11040722000,11474895000,11367369000,10804360000,10030283000,9470851000,9093194000,8805753000,8648165000,8049914000,7671932000,7278309000,6771672000,6636751000,6307782000,10484888000,10225548000,11132660000,10411539000,9835304000,10120479000,10510451000,10574252000,10879136000,10354573000,9868156000,9184693000,8747287000,8450848000,8043492000,7941620000,7155075000,6436757000,6027815000,5527373000,5109611000,4831158000,4384862000,1836897000,1837318000,1829687000,1847338000,1292760000,2193023000,2762051000,2499638000,1630644000,1601142000,1537552000,1553075000,1474514000,1316783000,1121959000,1002732000,956873000,842779000,784936000,754962000,727077000,704629000,675770000
Oklahoma,693903,692878,688511,684090,673483,666120,659828,654802,644549,641682,639032,634468,629145,625826,624202,621573,622568,627032,628522,623649,620695,616436,609743,6321660000,6237553000,6229769000,6051149000,5894205000,5837664000,5842353000,5781762000,6029807000,5780151000,5491931000,5120286000,4892548000,4622080000,4426835000,4038636000,3940380000,3611113000,3503407000,3288683000,3162031000,3171017000,3139359000,2628045000,2520076000,2453819000,2365352000,2277583000,2187606000,2126028000,2352259000,2245842000,2180962000,2058996000,1894492000,1773359000,1668101000,1590076000,1310840000,1240173000,1175952000,1120764000,1021771000,996268000,1044370000,1071122000,2994124000,3014252000,3076375000,2994199000,2899139000,2875333000,2745748000,2660892000,3014993000,2957101000,2782356000,2570987000,2440741000,2360286000,2272785000,2248406000,2297931000,2074479000,2072287000,1974190000,1904031000,1850989000,1796961000,699491000,703225000,699575000,691598000,717483000,774725000,970577000,768611000,768972000,642088000,650579000,654807000,678448000,593693000,563974000,479390000,402276000,360682000,310356000,292722000,261732000,275658000,271276000
Oregon,578903,576369,570633,577282,587407,567973,560969,561459,560726,562632,559643,556185,550502,549196,552135,549604,544756,542739,541436,540226,537675,527769,519284,7722013000,7418055000,7111710000,6621363000,6170889000,6124872000,6112484000,6219779000,6158756000,6107684000,5657625000,5429145000,5022050000,5086083000,4592019000,4772698000,4557602000,4369400000,3906176000,3741050000,3477421000,3375710000,3284389000,3144998000,2974057000,2856603000,2706753000,2563991000,2535926000,2471085000,2459055000,2385143000,2392460000,2213580000,2175095000,2083075000,1966896000,1836517000,1714805000,1666491000,1643630000,1428123000,1379504000,1459431000,1360834000,1549144000,4018895000,3861438000,3678001000,3393147000,3041825000,3038052000,2792762000,2947614000,3117315000,3200001000,2917634000,2737088000,2440758000,2658285000,2348070000,2662599000,2563966000,2457202000,2221096000,2137476000,1826329000,1822648000,1513681000,558120000,582560000,577106000,521463000,565073000,550894000,848637000,813110000,656298000,515223000,526411000,516962000,498217000,460902000,407432000,395294000,327145000,268568000,256957000,224070000,191661000,192228000,221564000
Pennsylvania,1709617,1703736,1722465,1734263,1743473,1750183,1766164,1762878,1759835,1785863,1820217,1807668,1803589,1795296,1789555,1794778,1789696,1793735,1792309,1791100,1781383,1764117,1741698,34651228000,32857966000,31687745000,30780349000,29983600000,29226306000,29627553000,28854826000,27597348000,27175803000,26018477000,24441218000,23038930000,21385957000,20028880000,18398883000,17421226000,16817367000,16041257000,15296516000,14814130000,14304562000,13629166000,20419461000,19609419000,19102586000,18476987000,17978793000,17366433000,16848915000,16312939000,15831718000,16172954000,15516292000,14614278000,13571634000,12538395000,11661476000,10565484000,10138461000,9718300000,9255078000,8795041000,8463042000,8055818000,7650472000,12081112000,11211232000,10599147000,10375701000,9835663000,9611738000,9309365000,9470230000,9894376000,9081599000,8635626000,7991181000,7682146000,7203530000,6918114000,6557961000,6223186000,6091427000,5885519000,5670255000,5591596000,5509996000,5267329000,2150655000,2037315000,1986012000,1927661000,2169144000,2248135000,3469273000,3071657000,1871254000,1921250000,1866559000,1835759000,1785150000,1644032000,1449290000,1275438000,1059579000,1007640000,900660000,831219000,759492000,738748000,711365000
Rhode Island,141943,141810,141745,141871,142336,142713,143651,144982,143568,145745,149630,151737,154559,157654,157286,156624,156275,155351,153710,152356,150433,148977,146609,2622027000,2549378000,2498724000,2435090000,2386259000,2265101000,2297382000,2243796000,2213933000,2202273000,2125815000,2027837000,1916812000,1846125000,1728055000,1633707000,1592622000,1464820000,1358566000,1255280000,1185534000,1135192000,1089862000,1347616000,1332042000,1312539000,1293130000,1271131000,1241130000,1222632000,1232951000,1219701000,1180533000,1125171000,1065222000,1015448000,967801000,905847000,860848000,840290000,772166000,711914000,684580000,651444000,618195000,600743000,1084887000,1029132000,989930000,945081000,911300000,811824000,830220000,758225000,784858000,854341000,833442000,811396000,754377000,744909000,713197000,676371000,663991000,610999000,568748000,503267000,470876000,459171000,434059000,189524000,188204000,196255000,196879000,203828000,212147000,244530000,252620000,209374000,167399000,167202000,151219000,146987000,133415000,109011000,96488000,88341000,81655000,77904000,67433000,63214000,57826000,55060000
South Carolina,771250,763533,756523,745657,735998,727186,725838,723143,716736,710685,701580,699027,701176,696376,691736,674347,676681,666780,652731,648084,641925,635346,638548,10146017000,9436787000,8922071000,8635517000,8432413000,8017904000,7857605000,7811109000,7688810000,7743317000,7130272000,6752813000,6337711000,5961494000,5709707000,5627004000,5437615000,4690418000,4365352000,4103053000,3843131000,3565608000,3362922000,4284944000,4073777000,3848739000,3714690000,3703506000,3518262000,3397207000,3322214000,3281639000,3132897000,3329140000,3065586000,2866158000,2603707000,2412400000,2275300000,2082624000,1903337000,1744052000,1631363000,1519632000,1414850000,1528211000,4983704000,4502143000,4223794000,4093432000,3904011000,3646644000,3408719000,3419870000,3670251000,3916453000,3120414000,3023114000,2832245000,2741127000,2761951000,2857497000,2924025000,2420494000,2278900000,2143496000,2022136000,1865402000,1547599000,877369000,860867000,849538000,827395000,824896000,852998000,1051679000,1069025000,736920000,693967000,680718000,664113000,639308000,616660000,535356000,494207000,430966000,366587000,342400000,328194000,301363000,285356000,287112000
South Dakota,136135,134061,132948,130775,130433,127875,125758,123709,126624,121606,121158,121718,124862,125156,127632,127129,127986,130279,131728,133698,135601,136394,135494,1571903000,1455737000,1415149000,1345549000,1316613000,1298723000,1297661000,1292742000,1236104000,1190917000,1136570000,1086433000,1053504000,1007135000,965778000,930874000,886662000,868161000,825851000,793101000,747462000,710728000,684882000,837323000,820464000,782682000,745789000,713873000,691054000,660618000,643587000,632843000,615271000,590829000,553262000,526450000,507802000,488704000,457658000,465399000,459796000,445353000,434236000,411540000,433860000,439395000,534504000,438629000,425614000,413544000,408009000,395054000,374648000,398601000,403690000,394721000,371645000,355719000,350316000,343216000,328576000,346086000,316617000,302405000,295753000,281856000,265354000,209375000,179725000,200076000,196644000,206853000,186216000,194731000,212615000,262395000,250554000,199571000,180925000,174096000,177452000,176738000,156117000,148498000,127130000,104646000,105960000,84745000,77009000,70568000,67493000,65762000
Tennessee,1001558,1000169,995471,993556,993496,999693,987422,972542,971484,966963,978084,953514,940769,911624,905050,897695,895839,907222,893842,876693,886517,881749,870594,10091736000,9586098000,9455920000,9237782000,8916111000,8983224000,8679893000,8405025000,8112895000,8086152000,7617488000,7195519000,6806262000,6349101000,5994756000,5785856000,5560824000,5338525000,5059582000,4757639000,4390878000,4131853000,3870164000,4308445000,4094159000,3947742000,3826453000,3652683000,3707325000,3451592000,3476558000,3441651000,3533587000,3469669000,3304218000,3056842000,2912923000,2737400000,2690714000,2571518000,2446818000,2271871000,2084511000,1916889000,1824444000,1681611000,4625071000,4395757000,4385403000,4315952000,4097627000,4017946000,3955476000,3834174000,3800870000,3711646000,3342186000,3097824000,2962151000,2743825000,2648909000,2544653000,2494453000,2429713000,2369846000,2268050000,2114799000,1967170000,1855788000,1158220000,1096182000,1122775000,1095377000,1165801000,1257953000,1272825000,1094293000,870374000,840919000,805633000,793477000,787269000,692353000,608447000,550489000,494853000,461994000,417865000,405078000,359190000,340239000,332765000
Texas,5360849,5301477,5233765,5153702,5076915,5000470,4934366,4850210,4748832,4670960,4594682,4519988,4400037,4327481,4254762,4157267,4059327,3990509,3944488,3891710,3826366,3740260,3670007,61870586000,60776728000,57791807000,54744984000,51742242000,51459061000,52378968000,51775598000,49075266000,47040194000,45041757000,41678814000,38263306000,36474488000,35574160000,33116696000,31106530000,28836403000,25822256976,24504014000,23080600000,22230402000,20485468000,32269424000,30455156000,28908282000,26732311000,25275464000,24127856000,23669804000,23764223000,23541704000,21872445000,24030701000,22928716000,20689318000,19085575000,18120841000,16955430000,15579220000,13953839000,13046399976,12023101000,11520918000,10790340000,10266112000,23354364000,24127255000,22823706000,22148123000,20568983000,20985860000,20699461000,19845062000,20509096000,20576133000,16504423000,13935897000,13415986000,13546614000,14030997000,13172914000,12873480000,12577799000,10758735000,10648485000,9876596000,9832489000,8722978000,6246798000,6194317000,6059819000,5864550000,5897795000,6345345000,8009703000,8166313000,5024466000,4591616000,4506633000,4814201000,4158002000,3842299000,3422322000,2988352000,2653830000,2304765000,2017122000,1832427000,1683086000,1607573000,1496378000
Utah,659801,647870,635577,625461,613279,598832,585552,573047,559550,575999,522921,507946,494225,490516,484589,481182,477380,477835,478814,480811,479812,474907,472589,5707005000,5415569000,5031081000,4691627000,4543211000,4426247000,4326273000,4460455000,4591053000,4345154000,3773566000,3447386000,3220019000,3015796000,2884251000,2869384000,2743898000,2546643000,2425600000,2295870000,2187279000,2035726000,1953833000,2116536000,2052516000,1840491000,1676648000,1671901000,1647712000,1594856000,1517264000,1497306000,1460369000,1340207000,1216453000,1129334000,1045765000,1006413000,946320000,925536000,849429000,769838000,734733000,679429000,703113000,763728000,3136107000,2943411000,2766360000,2607669000,2438726000,2329325000,2211870000,2349919000,2519879000,2493394000,2080436000,1879912000,1755855000,1667740000,1612693000,1683010000,1589703000,1507711000,1481463000,1394158000,1367806000,1197910000,1055987000,454362000,419642000,424230000,407310000,432584000,449210000,519547000,593272000,573868000,391391000,352923000,351021000,334830000,302291000,265145000,240054000,228659000,189503000,174299000,166979000,140044000,134703000,134118000
Vermont,86326,86518,86353,87754,88265,89464,88494,89120,87440,89048,90504,92049,92819,93705,94901,96427,97715,99609,100348,101413,101584,101064,100317,2231678000,2133017000,2024620000,1926249000,1835179000,1772172000,1703616000,1766979000,1698930000,1904181000,1850506000,1741223000,1628703000,1525787000,1451171000,1387156000,1300273000,1209146000,1147600000,1089297000,1021693000,965238000,934916000,460127000,391780000,350260000,305172000,276615000,263520000,256497000,255997000,250111000,517899000,515618000,483692000,443171000,630061000,592091000,552119000,507310000,434338000,417587000,790956000,751866000,712888000,676298000,1660411000,1629346000,1569007000,1517193000,1443867000,1383913000,1339844000,1337037000,1346276000,1291697000,1237716000,1154594000,1090516000,801171000,779124000,766218000,732580000,711163000,677199000,253591000,232196000,215657000,224946000,111140000,111891000,105353000,103884000,114697000,124739000,107275000,173945000,102543000,94585000,97172000,102937000,95016000,94555000,79956000,68819000,60383000,63645000,52814000,44750000,37631000,36693000,33672000
Virginia,1287026,1283590,,1273825,1265419,1257883,1251440,1245340,1235064,1230857,1220440,1213616,1203697,1191035,1175458,1162045,1143807,1132673,1122858,1110815,1096279,1079854,1060809,16822120000,16259274000,15857524000,15347862000,15434013000,14940479000,14655345000,14937195000,15251481000,14768120000,14176385000,13153845000,12182657000,11151172000,10504167000,9914221000,9493862000,8911426000,8331126000,7723489000,7345090000,6674519000,6354418000,9124771000,8903541000,8604970000,8343306000,8444962000,8010424000,7876867000,7915444000,8019260000,7912707000,7490198000,7160749000,6484014000,6144336000,5717731000,5287367000,4985518000,4657570000,5084998000,4912161000,4653386000,4333999000,4013331000,6565670000,6297587000,6240349000,5994897000,5880172000,5564504000,5351177000,5489710000,6317714000,5957786000,5796043000,5126114000,4871813000,4241483000,4087720000,4002347000,3976620000,3761983000,2827769000,2409612000,2334937000,1978794000,1972999000,1131679000,1058146000,1012205000,1009659000,1108879000,1365551000,1427301000,1532041000,914507000,897627000,890144000,866982000,826830000,765353000,698716000,624507000,531724000,491873000,418359000,401716000,356767000,361726000,368088000
Washington,1101073,1086380,1073173,1058552,1051496,1045323,1043488,1035190,1035907,1029576,1026121,1031668,1019925,1020990,1014577,1009200,1004843,1003714,999616,991235,974504,956572,938314,15790228000,14972163000,13717181000,13040197000,12243198000,11955582000,11905941000,11919090000,12025012000,11195224000,10350748000,9679682000,9141383000,8790531000,8565636000,8250593000,7936037000,7620930000,7288143000,6928738000,6667625000,6354593000,5985425000,4881527000,4655479000,4379380000,4176941000,4040603000,3897427000,3779807000,3586676000,3493175000,3367082000,3209627000,2978586000,2756439000,2624780000,2528899000,2415245000,2341750000,2264168000,2105089000,1944207000,1836068000,1698978000,1548260000,9837994000,9218352000,8301005000,7833024000,7160395000,7001110000,6758505000,6931430000,7146416000,6932500000,6339782000,5899155000,5588494000,5416352000,5334268000,5194962000,5032514000,4812796000,4696554000,4546140000,4443435000,4288899000,4091373000,1070707000,1098332000,1036796000,1030232000,1042200000,1057045000,1367629000,1400984000,1385421000,895642000,801339000,801941000,796450000,749399000,702469000,640386000,561773000,543966000,486500000,438391000,388122000,366716000,345792000
West Virginia,273855,277452,280310,280958,283044,282870,282879,282662,281908,281735,281298,279788,279456,280561,281591,282145,285785,290982,296551,300737,303441,306451,310231,3467476000,3366589000,3452675000,3461351000,3437513000,3919395000,3423984000,3176874000,3097212000,2965828000,2905489000,2814536000,2701056000,2585084000,2497707000,2413740000,2321737000,2243150000,2190415000,2178936000,2053982000,1958647000,1916605000,1197605000,1152698000,1117013000,1108648000,1057165000,1505288000,1018728000,985335000,947970000,922231000,874706000,818247000,764464000,747411000,710389000,704701000,688714000,667723000,645838000,624589000,597514000,577570000,550137000,1881098000,1871291000,1987841000,2016902000,2013321000,2000137000,1913359000,1677745000,1793917000,1723068000,1677212000,1649661000,1607433000,1546921000,1519848000,1451026000,1388046000,1365346000,1355717000,1351721000,1286247000,1222505000,1210730000,388773000,342600000,347821000,335801000,367027000,413970000,491897000,513794000,355325000,320529000,353571000,346628000,329159000,290752000,267470000,258013000,244977000,210081000,188860000,202626000,170221000,158572000,155738000
Wisconsin,864424,867800,871380,874414,872436,871105,872286,872436,867035,867929,870584,869596,869301,874233,875390,875216,875569,877165,878983,881552,879021,869930,865374,12104649000,11698660000,11637376000,11330253000,11097456000,11139967000,11664303000,11289720000,10991081000,10619354000,10208923000,9855692000,9584108000,9183588000,8931497000,8623712000,8362719000,7847173000,7414116000,7082559000,6723722000,6341519000,6005773000,5958017000,5781924000,5701120000,5537500000,5430407000,5446300000,5434440000,5222459000,4947492000,4768381000,4459447000,4208330000,4248746000,3900834000,3738923000,3660370000,3607973000,3354155000,3189700000,2988122000,2893274000,3201805000,3136693000,5344033000,5134089000,5121871000,4962185000,4839617000,4786356000,5226954000,4951919000,4785070000,5221550000,5175386000,5066552000,4770290000,4732025000,4662560000,4513176000,4356382000,4138204000,3900507000,3775870000,3541873000,2869259000,2620761000,802599000,782647000,814385000,830568000,827432000,907311000,1002909000,1115342000,1258519000,629423000,574090000,580810000,565072000,550729000,530014000,450166000,398364000,354814000,323909000,318567000,288575000,270455000,248319000
Wyoming,94170,94717,94067,92218,90993,89523,88404,87618,86971,85991,85034,86155,84146,86925,85966,87897,89711,91883,94420,96504,98777,99859,100314,1932978000,2044669000,1962874000,1772633000,1695967000,1664983000,1650621000,1718605000,1675761000,1602514000,1477891000,1150345000,1132160000,974888000,962240000,908719000,804297000,787323000,780875000,703280000,660079000,664057000,634237000,673614000,745758000,725667000,694711000,701352000,668359000,616687000,713747000,621663000,656068000,644476000,527230000,439887000,371738000,388733000,389696000,332104000,312882000,314621000,325875000,296342000,283421000,287868000,1141557000,1175899000,1116917000,965213000,881114000,851896000,878979000,880916000,945765000,846239000,722364000,507178000,585789000,507155000,489199000,443525000,403021000,408356000,408271000,330204000,320566000,339629000,303913000,117807000,123012000,120290000,112709000,113501000,144728000,154955000,123942000,108333000,100207000,111051000,115937000,106484000,95995000,84308000,75498000,69172000,66085000,57983000,47201000,43171000,41007000,42456000
